{"initial_reset_timestamp": 1587489273.0985112, "timestamps": [1587489273.4895103], "episode_lengths": [8], "episode_rewards": [8.0], "episode_types": ["t"]}